,Player,,Injury Risk,Career Injuries,Injuries Per Season,Injury Risk Per Season,Injury Risk Per Game,Durability,PPR Points,Projected Games Missed
BUF,Josh Allen BUF QB 1,Open Player Modal,Very Low Risk,12,1.5/yr,22%,1%,5.0,379,0.6
LAR,Puka Nacua LAR WR 1,Open Player Modal,Very High Risk,10,3.3/yr,83%,10%,3.4,361,3.1
DET,Jahmyr Gibbs DET RB 1,Open Player Modal,High Risk,4,1.3/yr,70%,7%,5.0,349,0.4
ATL,Bijan Robinson ATL RB 2,Open Player Modal,Low Risk,1,0.3/yr,39%,3%,5.0,347,0.4
NE,Drake Maye NE QB 2,Open Player Modal,High Risk,4,2.0/yr,65%,6%,5.0,342,2.0
CIN,Joe Burrow CIN QB 3,Open Player Modal,Low Risk,12,2.0/yr,26%,2%,4.7,340,0.5
BAL,Lamar Jackson BAL QB 4,Open Player Modal,Medium Risk,8,0.9/yr,45%,3%,5.0,340,2.1
CIN,Ja'Marr Chase CIN WR 2,Open Player Modal,Medium Risk,4,0.8/yr,48%,4%,5.0,339,1.0
JAC,Trevor Lawrence JAC QB 5,Open Player Modal,Low Risk,11,2.2/yr,35%,3%,5.0,334,2.9
WAS,Jayden Daniels WAS QB 6,Open Player Modal,Very High Risk,8,4.0/yr,71%,7%,5.0,333,2.2
SF,Christian McCaffrey SF RB 3,Open Player Modal,Medium Risk,11,1.2/yr,52%,4%,2.3,331,1.8
PHI,Jalen Hurts PHI QB 7,Open Player Modal,Medium Risk,5,0.8/yr,43%,3%,5.0,330,2.2
SF,Brock Purdy SF QB 8,Open Player Modal,Low Risk,8,1.6/yr,24%,2%,5.0,327,0.7
CHI,Caleb Williams CHI QB 9,Open Player Modal,Low Risk,2,1.0/yr,24%,2%,5.0,326,0.6
DAL,Dak Prescott DAL QB 10,Open Player Modal,Low Risk,8,0.8/yr,27%,2%,4.3,325,1.0
LAC,Justin Herbert LAC QB 11,Open Player Modal,Low Risk,11,1.8/yr,36%,3%,5.0,324,1.1
DET,Amon-Ra St. Brown DET WR 3,Open Player Modal,Low Risk,7,1.4/yr,35%,3%,5.0,321,0.4
SEA,Jaxon Smith-Njigba SEA WR 4,Open Player Modal,Very High Risk,2,0.7/yr,79%,9%,4.6,320,2.4
NYG,Jaxson Dart NYG QB 12,Open Player Modal,Low Risk,2,2.0/yr,33%,2%,0.0,318,2.5
DEN,Bo Nix DEN QB 13,Open Player Modal,Very Low Risk,4,2.0/yr,21%,1%,4.9,312,0.1
MIN,Kyler Murray MIN QB 14,Open Player Modal,Low Risk,8,1.1/yr,23%,2%,4.3,309,0.2
IND,Jonathan Taylor IND RB 4,Open Player Modal,Very High Risk,7,1.2/yr,83%,10%,5.0,308,2.2
KC,Patrick Mahomes KC QB 15,Open Player Modal,Very Low Risk,11,1.2/yr,23%,2%,5.0,307,0.3
DET,Jared Goff DET QB 16,Open Player Modal,Low Risk,4,0.4/yr,30%,2%,5.0,303,1.4
LAR,Matthew Stafford LAR QB 17,Open Player Modal,Low Risk,24,1.4/yr,37%,3%,4.6,302,1.5
DAL,CeeDee Lamb DAL WR 5,Open Player Modal,High Risk,9,1.5/yr,66%,6%,5.0,301,1.3
NO,Tyler Shough NO QB 18,Open Player Modal,,0,0.0/yr,5%,0%,5.0,298,0.1
LVR,Ashton Jeanty LVR RB 5,Open Player Modal,High Risk,5,5.0/yr,63%,6%,0.0,293,0.8
MIN,Justin Jefferson MIN WR 6,Open Player Modal,Medium Risk,8,1.3/yr,53%,4%,5.0,291,1.1
TB,Baker Mayfield TB QB 19,Open Player Modal,Low Risk,10,1.3/yr,26%,2%,5.0,290,0.4
GB,Jordan Love GB QB 20,Open Player Modal,Medium Risk,7,1.2/yr,42%,3%,5.0,287,1.5
BUF,James Cook BUF RB 6,Open Player Modal,High Risk,4,0.8/yr,73%,7%,5.0,285,1.5
HOU,C.J. Stroud HOU QB 21,Open Player Modal,Low Risk,4,1.3/yr,30%,2%,5.0,281,1.6
HOU,Nico Collins HOU WR 7,Open Player Modal,Very High Risk,8,1.6/yr,92%,14%,2.8,278,2.4
ATL,Drake London ATL WR 8,Open Player Modal,High Risk,9,1.8/yr,76%,8%,5.0,277,1.5
MIA,De'Von Achane MIA RB 7,Open Player Modal,Very High Risk,7,2.3/yr,90%,13%,5.0,276,2.1
IND,Daniel Jones IND QB 22,Open Player Modal,Low Risk,12,1.7/yr,36%,3%,2.7,276,1.2
GB,Josh Jacobs GB RB 8,Open Player Modal,High Risk,10,1.4/yr,69%,7%,5.0,270,0.9
MIA,Malik Willis MIA QB 23,Open Player Modal,,3,0.6/yr,5%,0%,5.0,268,0.2
PHI,Saquon Barkley PHI RB 9,Open Player Modal,Medium Risk,12,1.5/yr,43%,3%,5.0,267,0.6
KC,Rashee Rice KC WR 9,Open Player Modal,Very High Risk,4,1.3/yr,88%,12%,3.1,267,3.8
PHI,A.J. Brown PHI WR 10,Open Player Modal,High Risk,11,1.6/yr,76%,8%,5.0,262,1.7
KC,Kenneth Walker III KC RB 10,Open Player Modal,Medium Risk,10,2.0/yr,43%,3%,5.0,262,1.0
DAL,George Pickens DAL WR 11,Open Player Modal,Medium Risk,3,0.6/yr,47%,4%,3.6,262,0.6
TEN,Cameron Ward TEN QB 24,Open Player Modal,Low Risk,1,1.0/yr,26%,2%,5.0,262,0.9
SEA,Sam Darnold SEA QB 25,Open Player Modal,Low Risk,9,1.1/yr,25%,2%,3.4,261,0.4
BAL,Derrick Henry BAL RB 11,Open Player Modal,Low Risk,5,0.5/yr,37%,3%,5.0,260,0.4
PIT,Aaron Rodgers PIT QB 26,Open Player Modal,Low Risk,17,0.8/yr,39%,3%,4.6,260,1.3
CIN,Chase Brown CIN RB 12,Open Player Modal,Very High Risk,3,1.0/yr,81%,9%,5.0,259,1.3
LAC,Omarion Hampton LAC RB 13,Open Player Modal,Very High Risk,3,3.0/yr,94%,15%,5.0,257,2.4
ARI,Trey McBride ARI TE 1,Open Player Modal,Medium Risk,2,0.4/yr,53%,4%,5.0,255,1.2
BAL,Zay Flowers BAL WR 12,Open Player Modal,Very High Risk,3,1.0/yr,85%,11%,5.0,255,2.3
LVR,Brock Bowers LVR TE 2,Open Player Modal,High Risk,5,2.5/yr,75%,8%,5.0,253,2.2
NO,Chris Olave NO WR 13,Open Player Modal,High Risk,9,1.8/yr,76%,8%,3.8,252,2.1
ARI,Jacoby Brissett ARI QB 27,Open Player Modal,Very Low Risk,2,0.2/yr,6%,0%,5.0,248,0.2
NYJ,Breece Hall NYJ RB 14,Open Player Modal,Very High Risk,2,0.4/yr,85%,11%,5.0,245,2.0
NYG,Malik Nabers NYG WR 14,Open Player Modal,High Risk,7,3.5/yr,66%,6%,3.8,245,1.0
CIN,Tee Higgins CIN WR 15,Open Player Modal,Very High Risk,16,2.7/yr,88%,12%,5.0,244,3.1
NYJ,Garrett Wilson NYJ WR 16,Open Player Modal,Low Risk,5,1.0/yr,36%,3%,5.0,243,0.4
DAL,Javonte Williams DAL RB 15,Open Player Modal,High Risk,5,1.0/yr,73%,7%,3.6,243,2.7
CAR,Bryce Young CAR QB 28,Open Player Modal,Very Low Risk,3,1.0/yr,20%,1%,5.0,243,0.4
PHI,DeVonta Smith PHI WR 17,Open Player Modal,Very High Risk,10,2.0/yr,94%,15%,5.0,242,1.9
NYJ,Geno Smith NYJ QB 29,Open Player Modal,High Risk,9,0.7/yr,64%,6%,5.0,241,2.1
CHI,Colston Loveland CHI TE 3,Open Player Modal,Low Risk,4,4.0/yr,33%,2%,0.0,240,1.9
LAR,Kyren Williams LAR RB 16,Open Player Modal,Very High Risk,5,1.0/yr,85%,11%,2.9,233,3.3
NO,Travis Etienne NO RB 17,Open Player Modal,High Risk,5,0.8/yr,69%,7%,2.8,232,0.4
LAR,Davante Adams LAR WR 18,Open Player Modal,Very High Risk,13,1.1/yr,82%,10%,5.0,231,2.2
NYG,Cameron Skattebo NYG RB 18,Open Player Modal,Medium Risk,2,2.0/yr,52%,4%,5.0,230,1.9
DEN,Jaylen Waddle DEN WR 19,Open Player Modal,Very High Risk,7,1.4/yr,93%,14%,4.6,229,2.8
IND,Tyler Warren IND TE 4,Open Player Modal,High Risk,0,0.0/yr,60%,5%,5.0,227,1.4
CAR,Tetairoa McMillan CAR WR 20,Open Player Modal,Medium Risk,2,2.0/yr,45%,3%,5.0,223,0.5
CHI,Luther Burden III CHI WR 21,Open Player Modal,Low Risk,5,5.0/yr,39%,3%,0.2,223,1.1
CHI,D'Andre Swift CHI RB 19,Open Player Modal,High Risk,7,1.2/yr,73%,7%,5.0,222,0.6
TB,Emeka Egbuka TB WR 22,Open Player Modal,Low Risk,2,2.0/yr,38%,3%,0.0,221,0.5
WAS,Terry McLaurin WAS WR 23,Open Player Modal,Very High Risk,10,1.4/yr,93%,14%,5.0,220,2.5
GB,Christian Watson GB WR 24,Open Player Modal,Medium Risk,11,2.2/yr,52%,4%,2.9,220,0.6
LAC,Ladd McConkey LAC WR 25,Open Player Modal,Very High Risk,4,2.0/yr,86%,11%,2.1,219,2.6
PIT,D.K. Metcalf PIT WR 26,Open Player Modal,High Risk,8,1.1/yr,69%,7%,5.0,217,1.5
DET,Jameson Williams DET WR 27,Open Player Modal,High Risk,4,1.0/yr,68%,6%,3.8,211,1.2
SF,Mike Evans SF WR 28,Open Player Modal,Very High Risk,15,1.3/yr,93%,14%,5.0,210,2.6
TB,Bucky Irving TB RB 20,Open Player Modal,Very High Risk,4,2.0/yr,83%,10%,5.0,209,2.4
CHI,Rome Odunze CHI WR 29,Open Player Modal,Very High Risk,4,2.0/yr,79%,9%,5.0,205,2.2
PIT,Michael Pittman Jr. PIT WR 30,Open Player Modal,Very High Risk,12,2.0/yr,94%,15%,5.0,204,2.2
PIT,Jaylen Warren PIT RB 21,Open Player Modal,Very High Risk,5,1.0/yr,91%,13%,5.0,203,2.6
JAC,Jakobi Meyers JAC WR 31,Open Player Modal,Very High Risk,5,0.7/yr,77%,8%,5.0,201,2.0
DEN,Courtland Sutton DEN WR 32,Open Player Modal,Very High Risk,7,0.9/yr,80%,9%,3.5,201,1.8
CLE,Quinshon Judkins CLE RB 22,Open Player Modal,Medium Risk,3,3.0/yr,45%,3%,5.0,199,1.1
DET,Sam LaPorta DET TE 5,Open Player Modal,Very High Risk,6,2.0/yr,84%,10%,5.0,199,2.6
BUF,D.J. Moore BUF WR 33,Open Player Modal,High Risk,8,1.0/yr,71%,7%,5.0,199,1.6
GB,Tucker Kraft GB TE 6,Open Player Modal,Medium Risk,5,1.7/yr,49%,4%,5.0,198,1.0
CLE,Harold Fannin Jr. CLE TE 7,Open Player Modal,High Risk,1,1.0/yr,68%,6%,5.0,198,2.2
GB,Jayden Reed GB WR 34,Open Player Modal,Very Low Risk,8,2.7/yr,12%,1%,5.0,198,0.4
NE,TreVeyon Henderson NE RB 23,Open Player Modal,Low Risk,2,2.0/yr,37%,3%,0.0,197,0.6
IND,Alec Pierce IND WR 35,Open Player Modal,Very High Risk,7,1.4/yr,94%,15%,5.0,197,2.7
MIN,Jordan Addison MIN WR 36,Open Player Modal,High Risk,5,1.7/yr,77%,8%,5.0,197,1.5
ARI,Marvin Harrison Jr. ARI WR 37,Open Player Modal,Very High Risk,8,4.0/yr,90%,13%,5.0,196,2.9
SF,Ricky Pearsall SF WR 38,Open Player Modal,Medium Risk,7,3.5/yr,46%,4%,5.0,193,2.7
HOU,David Montgomery HOU RB 24,Open Player Modal,Very High Risk,9,1.3/yr,94%,15%,5.0,188,1.2
NE,Romeo Doubs NE WR 39,Open Player Modal,Very High Risk,7,1.4/yr,90%,13%,4.7,186,1.8
JAC,Brian Thomas Jr. JAC WR 40,Open Player Modal,Medium Risk,5,2.5/yr,46%,4%,5.0,186,1.3
NE,Rhamondre Stevenson NE RB 25,Open Player Modal,Very High Risk,6,1.2/yr,93%,14%,5.0,185,2.1
UNS,Stefon Diggs UNS WR 41,Open Player Modal,Medium Risk,8,0.7/yr,47%,4%,5.0,185,1.2
KC,Travis Kelce KC TE 8,Open Player Modal,High Risk,10,0.8/yr,65%,6%,5.0,184,1.7
TB,Chris Godwin TB WR 42,Open Player Modal,Very High Risk,9,1.0/yr,94%,15%,4.5,182,2.9
TEN,Tony Pollard TEN RB 26,Open Player Modal,Medium Risk,3,0.4/yr,51%,4%,5.0,181,0.5
LAC,Quentin Johnston LAC WR 43,Open Player Modal,Very High Risk,6,2.0/yr,86%,11%,5.0,181,1.8
CAR,Chuba Hubbard CAR RB 27,Open Player Modal,Very High Risk,3,0.6/yr,82%,10%,5.0,181,2.1
SF,George Kittle SF TE 9,Open Player Modal,Medium Risk,18,2.0/yr,53%,4%,5.0,180,2.0
ARI,Michael Wilson ARI WR 44,Open Player Modal,Medium Risk,6,2.0/yr,58%,5%,2.8,178,1.5
ATL,Kyle Pitts ATL TE 10,Open Player Modal,Very High Risk,8,1.6/yr,85%,11%,5.0,177,3.5
UNS,Brandon Aiyuk UNS WR 45,Open Player Modal,Medium Risk,6,1.0/yr,44%,3%,5.0,174,0.7
IND,Josh Downs IND WR 46,Open Player Modal,Very High Risk,6,2.0/yr,91%,13%,5.0,174,4.1
BUF,Khalil Shakir BUF WR 47,Open Player Modal,Very High Risk,6,1.2/yr,88%,12%,5.0,174,2.5
KC,Xavier Worthy KC WR 48,Open Player Modal,High Risk,4,2.0/yr,75%,8%,5.0,173,2.7
TEN,Wan'Dale Robinson TEN WR 49,Open Player Modal,Medium Risk,6,1.2/yr,45%,3%,3.9,172,0.5
JAC,Bhayshul Tuten JAC RB 28,Open Player Modal,Very Low Risk,3,3.0/yr,16%,1%,0.1,171,0.7
DEN,J.K. Dobbins DEN RB 29,Open Player Modal,Medium Risk,9,1.5/yr,47%,4%,0.6,171,1.9
PIT,Rico Dowdle PIT RB 30,Open Player Modal,Medium Risk,0,0.0/yr,48%,4%,5.0,170,1.2
HOU,Jayden Higgins HOU WR 50,Open Player Modal,Very Low Risk,0,0.0/yr,16%,1%,5.0,169,0.4
DEN,RJ Harvey DEN RB 31,Open Player Modal,Medium Risk,2,2.0/yr,41%,3%,5.0,168,1.7
LVR,Jeremy Chinn LVR S 1,Open Player Modal,Very Low Risk,2,0.3/yr,23%,2%,5.0,166,0.2
DAL,Jake Ferguson DAL TE 11,Open Player Modal,Very High Risk,7,1.4/yr,83%,10%,5.0,165,2.9
UNS,Deebo Samuel UNS WR 51,Open Player Modal,Very High Risk,21,3.0/yr,95%,16%,1.9,164,3.0
WAS,Rachaad White WAS RB 32,Open Player Modal,Very High Risk,3,0.6/yr,86%,11%,5.0,163,3.4
BAL,Kyle Hamilton BAL S 2,Open Player Modal,Low Risk,3,0.6/yr,25%,2%,5.0,162,0.4
BUF,Dalton Kincaid BUF TE 12,Open Player Modal,Very High Risk,8,2.7/yr,77%,8%,5.0,162,3.5
BAL,Mark Andrews BAL TE 13,Open Player Modal,Medium Risk,7,0.9/yr,49%,4%,5.0,162,0.7
CLE,Grant Delpit CLE S 3,Open Player Modal,Very Low Risk,2,0.3/yr,21%,1%,3.0,161,0.5
NYJ,Minkah Fitzpatrick NYJ S 4,Open Player Modal,Low Risk,10,1.3/yr,35%,3%,5.0,161,0.9
CLE,Myles Garrett CLE DE 1,Open Player Modal,Very Low Risk,8,0.9/yr,20%,1%,5.0,160,0.3
PHI,Dallas Goedert PHI TE 14,Open Player Modal,High Risk,11,1.4/yr,70%,7%,3.9,160,2.4
TEN,Calvin Ridley TEN WR 52,Open Player Modal,High Risk,5,0.6/yr,65%,6%,5.0,160,1.3
NE,Hunter Henry NE TE 15,Open Player Modal,High Risk,8,0.8/yr,64%,6%,4.4,156,1.3
DEN,Brandon Jones DEN S 5,Open Player Modal,Low Risk,2,0.3/yr,25%,2%,5.0,156,0.4
GB,Matthew Golden GB WR 53,Open Player Modal,Very High Risk,4,4.0/yr,91%,13%,0.0,156,3.7
UNS,Keenan Allen UNS WR 54,Open Player Modal,Very High Risk,16,1.2/yr,94%,15%,3.8,156,4.0
JAC,Brenton Strange JAC TE 16,Open Player Modal,Low Risk,2,0.7/yr,39%,3%,5.0,156,1.1
MIN,Aaron Jones MIN RB 33,Open Player Modal,High Risk,18,2.0/yr,65%,6%,5.0,155,2.3
LAC,Derwin James LAC S 6,Open Player Modal,Low Risk,7,0.8/yr,39%,3%,1.9,154,0.9
NO,Juwan Johnson NO TE 17,Open Player Modal,Very High Risk,3,0.8/yr,79%,9%,5.0,154,2.4
DEN,Talanoa Hufanga DEN S 7,Open Player Modal,Low Risk,2,0.4/yr,39%,3%,2.9,153,3.7
TEN,Tyjae Spears TEN RB 34,Open Player Modal,Medium Risk,8,2.7/yr,44%,3%,3.3,152,2.2
ARI,Budda Baker ARI S 8,Open Player Modal,Low Risk,9,1.0/yr,30%,2%,5.0,152,1.1
TB,Kenneth Gainwell TB RB 35,Open Player Modal,Medium Risk,2,0.4/yr,52%,4%,5.0,152,2.9
TB,Jalen McMillan TB WR 55,Open Player Modal,Medium Risk,5,2.5/yr,52%,4%,1.6,152,0.6
NYG,Isaiah Likely NYG TE 18,Open Player Modal,Very Low Risk,2,0.4/yr,16%,1%,5.0,151,0.5
HOU,Dalton Schultz HOU TE 19,Open Player Modal,Very High Risk,6,0.8/yr,82%,10%,5.0,149,1.6
MIN,Jordan Mason MIN RB 36,Open Player Modal,Very High Risk,5,1.0/yr,88%,12%,5.0,149,2.4
SEA,Rashid Shaheed SEA WR 56,Open Player Modal,Very High Risk,5,1.0/yr,82%,10%,5.0,147,2.2
MIN,T.J. Hockenson MIN TE 20,Open Player Modal,Medium Risk,8,1.1/yr,57%,5%,3.8,147,1.0
CAR,Jalen Coker CAR WR 57,Open Player Modal,Very Low Risk,0,0.0/yr,6%,0%,5.0,145,0.2
HOU,Jalen Pitre HOU S 9,Open Player Modal,Very Low Risk,2,0.4/yr,19%,1%,5.0,139,0.7
CLE,Jerry Jeudy CLE WR 58,Open Player Modal,Medium Risk,9,1.5/yr,55%,5%,5.0,138,0.9
CLE,Deshaun Watson CLE QB 30,Open Player Modal,Very Low Risk,10,1.1/yr,9%,1%,2.3,136,0.7
WAS,Chigoziem Okonkwo WAS TE 21,Open Player Modal,Low Risk,1,0.2/yr,34%,2%,5.0,135,1.4
TB,Cade Otton TB TE 22,Open Player Modal,High Risk,5,1.0/yr,69%,7%,5.0,135,1.5
LAR,Blake Corum LAR RB 37,Open Player Modal,Low Risk,5,2.5/yr,32%,2%,1.7,135,0.2
DET,Aidan Hutchinson DET DE 2,Open Player Modal,Low Risk,2,0.4/yr,35%,3%,2.6,134,2.2
HOU,Will Anderson Jr. HOU DE 3,Open Player Modal,Low Risk,2,0.7/yr,28%,2%,5.0,133,1.4
NYJ,Adonai Mitchell NYJ WR 59,Open Player Modal,Very Low Risk,1,0.5/yr,12%,1%,1.5,133,0.2
MIN,Jauan Jennings MIN WR 60,Open Player Modal,Very High Risk,9,1.5/yr,85%,11%,5.0,132,1.7
BAL,Marlon Humphrey BAL CB 1,Open Player Modal,Low Risk,9,1.0/yr,28%,2%,5.0,130,1.2
PIT,Pat Freiermuth PIT TE 23,Open Player Modal,Medium Risk,7,1.4/yr,46%,4%,5.0,129,1.5
UNS,Tyreek Hill UNS WR 61,Open Player Modal,Low Risk,11,1.1/yr,41%,3%,5.0,128,0.8
ATL,Michael Penix Jr. ATL QB 31,Open Player Modal,Very Low Risk,6,3.0/yr,20%,1%,0.3,127,0.4
CLE,Dylan Sampson CLE RB 38,Open Player Modal,Low Risk,2,2.0/yr,35%,3%,0.1,127,0.8
CAR,Jonathon Brooks CAR RB 39,Open Player Modal,Medium Risk,2,1.0/yr,44%,3%,0.1,127,1.1
NYG,Darnell Mooney NYG WR 62,Open Player Modal,Very High Risk,10,1.7/yr,94%,15%,5.0,126,2.7
BUF,Chauncey Gardner-Johnson BUF S 10,Open Player Modal,Very Low Risk,3,0.4/yr,11%,1%,3.6,125,0.3
SEA,AJ Barner SEA TE 24,Open Player Modal,Low Risk,0,0.0/yr,36%,3%,5.0,123,1.0
DET,Terrion Arnold DET CB 2,Open Player Modal,Low Risk,1,0.5/yr,27%,2%,5.0,122,1.5
HOU,Danielle Hunter HOU DE 4,Open Player Modal,Very Low Risk,2,0.2/yr,8%,0%,5.0,122,0.2
DET,Isiah Pacheco DET RB 40,Open Player Modal,High Risk,7,1.4/yr,75%,8%,3.3,121,2.5
SEA,Cooper Kupp SEA WR 63,Open Player Modal,Very High Risk,10,1.1/yr,94%,15%,3.9,121,4.4
TEN,Jeffery Simmons TEN DT 1,Open Player Modal,Very Low Risk,4,0.6/yr,23%,2%,5.0,121,0.6
CAR,Jaelan Phillips CAR DE 5,Open Player Modal,Very Low Risk,4,0.8/yr,23%,2%,2.0,121,1.3
LAC,Tre Harris LAC WR 64,Open Player Modal,Medium Risk,2,2.0/yr,49%,4%,0.0,121,1.7
PIT,Jalen Ramsey PIT CB 3,Open Player Modal,Very Low Risk,7,0.7/yr,10%,1%,5.0,121,0.2
HOU,Jaylin Noel HOU WR 65,Open Player Modal,Very Low Risk,0,0.0/yr,11%,1%,5.0,120,0.4
WAS,Jacory Croskey-Merritt WAS RB 41,Open Player Modal,Medium Risk,0,0.0/yr,44%,3%,5.0,120,1.1
NE,Christian Gonzalez NE CB 4,Open Player Modal,Medium Risk,4,1.3/yr,45%,3%,2.9,117,2.2
PIT,Jamel Dean PIT CB 5,Open Player Modal,Low Risk,4,0.6/yr,35%,3%,5.0,116,2.3
NYG,Darius Slayton NYG WR 66,Open Player Modal,High Risk,12,1.7/yr,77%,8%,5.0,116,2.2
LVR,Jack Bech LVR WR 67,Open Player Modal,Very Low Risk,2,2.0/yr,23%,2%,0.0,116,0.8
CIN,Mike Gesicki CIN TE 25,Open Player Modal,Low Risk,5,0.6/yr,37%,3%,5.0,115,3.3
BUF,Bradley Chubb BUF DE 6,Open Player Modal,Low Risk,8,1.0/yr,25%,2%,3.0,115,0.9
PIT,T.J. Watt PIT DE 7,Open Player Modal,Very Low Risk,11,1.2/yr,14%,1%,5.0,115,0.3
IND,Charvarius Ward IND CB 6,Open Player Modal,Low Risk,5,0.6/yr,27%,2%,5.0,114,1.0
LAC,David Njoku LAC TE 26,Open Player Modal,Very High Risk,11,1.2/yr,86%,11%,4.8,114,2.8
ATL,Tua Tagovailoa ATL QB 32,Open Player Modal,Low Risk,17,2.8/yr,28%,2%,3.0,113,0.9
NO,Alvin Kamara NO RB 42,Open Player Modal,Very High Risk,10,1.1/yr,93%,14%,4.2,112,2.3
CHI,Montez Sweat CHI DE 8,Open Player Modal,Low Risk,1,0.1/yr,24%,2%,5.0,112,1.0
HOU,Derek Stingley HOU CB 7,Open Player Modal,Low Risk,6,1.2/yr,24%,2%,1.9,112,0.5
BAL,Rashod Bateman BAL WR 68,Open Player Modal,Medium Risk,6,1.2/yr,43%,3%,3.1,111,0.8
JAC,Chris Rodriguez JAC RB 43,Open Player Modal,Very Low Risk,2,0.7/yr,17%,1%,5.0,111,0.6
BAL,Trey Hendrickson BAL DE 9,Open Player Modal,Very Low Risk,6,0.7/yr,18%,1%,5.0,110,0.6
NE,Harold Landry NE DE 10,Open Player Modal,Very Low Risk,2,0.2/yr,11%,1%,5.0,108,0.2
NE,Carlton Davis NE CB 8,Open Player Modal,Low Risk,5,0.6/yr,27%,2%,5.0,108,0.8
NYG,Tyrone Tracy Jr. NYG RB 44,Open Player Modal,High Risk,3,1.5/yr,69%,7%,5.0,108,1.9
SEA,Leonard Williams SEA DE 11,Open Player Modal,Low Risk,4,0.4/yr,37%,3%,5.0,108,1.3
DEN,Evan Engram DEN TE 27,Open Player Modal,High Risk,12,1.3/yr,67%,6%,4.6,107,2.6
NO,Chase Young NO DE 12,Open Player Modal,Very Low Risk,3,0.5/yr,13%,1%,2.5,106,0.1
JAC,Josh Hines-Allen JAC DE 13,Open Player Modal,Low Risk,2,0.3/yr,24%,2%,5.0,106,0.9
IND,DeForest Buckner IND DT 2,Open Player Modal,Very Low Risk,5,0.5/yr,10%,1%,5.0,104,0.6
ATL,A.J. Terrell ATL CB 9,Open Player Modal,Medium Risk,5,0.8/yr,43%,3%,5.0,104,2.2
CAR,Derrick Brown CAR DT 3,Open Player Modal,Low Risk,3,0.5/yr,26%,2%,4.1,103,2.2
CAR,Jaycee Horn CAR CB 10,Open Player Modal,Low Risk,4,0.8/yr,30%,2%,1.4,102,1.1
ARI,Tyler Allgeier ARI RB 45,Open Player Modal,Low Risk,0,0.0/yr,37%,3%,5.0,102,1.4
KC,Tyquan Thornton KC WR 69,Open Player Modal,Low Risk,3,0.6/yr,35%,3%,5.0,101,1.3
ATL,Brian Robinson Jr. ATL RB 46,Open Player Modal,Low Risk,6,1.2/yr,37%,3%,5.0,101,2.0
DAL,Quinnen Williams DAL DT 4,Open Player Modal,Very Low Risk,7,1.0/yr,18%,1%,5.0,101,0.5
ARI,Kendrick Bourne ARI WR 70,Open Player Modal,Medium Risk,1,0.1/yr,43%,3%,5.0,100,0.3
PIT,Darnell Washington PIT TE 28,Open Player Modal,Low Risk,5,1.7/yr,26%,2%,5.0,100,0.4
PHI,Dontayvion Wicks PHI WR 71,Open Player Modal,High Risk,4,1.3/yr,64%,6%,5.0,100,2.0
LAC,Keaton Mitchell LAC RB 47,Open Player Modal,Very Low Risk,2,0.7/yr,15%,1%,4.4,100,0.3
NYG,Jevon Holland NYG S 11,Open Player Modal,Low Risk,3,0.6/yr,25%,2%,5.0,99,0.2
CLE,Denzel Ward CLE CB 11,Open Player Modal,High Risk,10,1.3/yr,66%,6%,5.0,98,2.0
PHI,Jalen Carter PHI DT 5,Open Player Modal,Very Low Risk,4,1.3/yr,18%,1%,5.0,97,0.4
UNS,Darren Waller UNS TE 29,Open Player Modal,High Risk,14,1.4/yr,64%,6%,2.7,97,1.7
IND,Laiatu Latu IND DE 14,Open Player Modal,Low Risk,2,1.0/yr,27%,2%,1.0,97,1.0
MIA,Greg Dulcich MIA TE 30,Open Player Modal,Very Low Risk,4,0.8/yr,6%,0%,1.4,97,0.1
DEN,Troy Franklin DEN WR 72,Open Player Modal,Medium Risk,2,1.0/yr,56%,5%,5.0,97,2.4
BUF,Keon Coleman BUF WR 73,Open Player Modal,Very High Risk,2,1.0/yr,85%,11%,3.1,96,2.3
BAL,Justice Hill BAL RB 48,Open Player Modal,Low Risk,8,1.1/yr,36%,3%,2.7,96,0.8
SEA,Tory Horton SEA WR 74,Open Player Modal,Very High Risk,3,3.0/yr,84%,10%,0.0,96,2.6
ATL,Jahan Dotson ATL WR 75,Open Player Modal,Very Low Risk,1,0.2/yr,20%,1%,5.0,96,0.4
JAC,Travis Hunter JAC WR 76,Open Player Modal,Medium Risk,4,4.0/yr,44%,3%,0.0,95,2.0
DEN,Marvin Mims Jr. DEN WR 77,Open Player Modal,Medium Risk,3,1.0/yr,45%,3%,5.0,95,1.3
NYG,Abdul Carter NYG DE 15,Open Player Modal,Low Risk,2,2.0/yr,25%,2%,5.0,94,1.6
IND,Ahmad Gardner IND CB 12,Open Player Modal,Low Risk,1,0.2/yr,36%,3%,5.0,92,1.4
ATL,Jalon Walker ATL DE 16,Open Player Modal,Low Risk,1,1.0/yr,27%,2%,5.0,91,1.5
ATL,Olamide Zaccheaus ATL WR 78,Open Player Modal,Very Low Risk,0,0.0/yr,19%,1%,5.0,90,0.7
JAC,Travon Walker JAC DE 17,Open Player Modal,Very Low Risk,1,0.2/yr,20%,1%,5.0,90,0.6
CIN,Andrei Iosivas CIN WR 79,Open Player Modal,Very Low Risk,0,0.0/yr,14%,1%,5.0,89,0.4
BUF,Joshua Palmer BUF WR 80,Open Player Modal,High Risk,8,1.6/yr,74%,8%,5.0,89,3.3
CIN,Samaje Perine CIN RB 49,Open Player Modal,Very Low Risk,5,0.6/yr,14%,1%,5.0,88,0.2
UNS,Joe Mixon UNS RB 50,Open Player Modal,High Risk,10,1.1/yr,67%,6%,5.0,88,1.9
HOU,Nathaniel Dell HOU WR 81,Open Player Modal,Very Low Risk,5,1.7/yr,15%,1%,3.1,87,0.5
LVR,Michael Mayer LVR TE 31,Open Player Modal,Low Risk,4,1.3/yr,36%,3%,5.0,87,0.5
ARI,James Conner ARI RB 51,Open Player Modal,Very High Risk,17,1.9/yr,88%,12%,4.9,87,2.4
DAL,Rashan Gary DAL DE 18,Open Player Modal,Very Low Risk,3,0.4/yr,19%,1%,5.0,86,0.7
GB,Micah Parsons GB DE 19,Open Player Modal,Low Risk,4,0.8/yr,35%,3%,5.0,86,2.7
GB,Lukas Van Ness GB DE 20,Open Player Modal,Very Low Risk,0,0.0/yr,14%,1%,5.0,86,0.3
SF,Christian Kirk SF WR 82,Open Player Modal,Very High Risk,7,0.9/yr,94%,15%,4.1,85,3.6
UNS,Najee Harris UNS RB 52,Open Player Modal,Low Risk,10,2.0/yr,27%,2%,5.0,84,1.0
UNS,Jonnu Smith UNS TE 32,Open Player Modal,High Risk,10,1.1/yr,60%,5%,5.0,84,1.6
UNS,JuJu Smith-Schuster UNS WR 83,Open Player Modal,Very High Risk,17,1.9/yr,94%,15%,3.3,84,4.0
PIT,Cameron Heyward PIT DE 21,Open Player Modal,Very Low Risk,6,0.4/yr,8%,0%,5.0,84,0.3
UNS,DeAndre Hopkins UNS WR 84,Open Player Modal,Low Risk,16,1.2/yr,28%,2%,5.0,83,0.6
BUF,Ty Johnson BUF RB 53,Open Player Modal,Low Risk,3,0.4/yr,25%,2%,5.0,82,1.4
SEA,Elijah Arroyo SEA TE 33,Open Player Modal,Low Risk,3,3.0/yr,35%,3%,0.0,82,1.5
UNS,Curtis Samuel UNS WR 85,Open Player Modal,Medium Risk,11,1.2/yr,44%,3%,4.4,82,1.1
CLE,Shedeur Sanders CLE QB 33,Open Player Modal,Very Low Risk,3,3.0/yr,18%,1%,5.0,82,0.9
BAL,Mike Green BAL DE 22,Open Player Modal,Low Risk,1,1.0/yr,27%,2%,5.0,81,0.9
NYJ,Joseph Ossai NYJ DE 23,Open Player Modal,Very Low Risk,3,0.6/yr,14%,1%,2.4,80,0.2
LVR,Kwity Paye LVR DE 24,Open Player Modal,Very High Risk,10,2.0/yr,83%,10%,4.4,78,2.4
UNS,Nick Chubb UNS RB 54,Open Player Modal,High Risk,8,1.0/yr,61%,5%,2.6,77,1.8
NE,Mack Hollins NE WR 86,Open Player Modal,Very Low Risk,1,0.1/yr,6%,0%,5.0,77,0.2
PHI,Nolan Smith PHI DE 25,Open Player Modal,Very Low Risk,0,0.0/yr,20%,1%,5.0,76,0.9
TB,Vita Vea TB DT 6,Open Player Modal,Low Risk,8,1.0/yr,34%,2%,4.4,76,2.9
LAC,Khalil Mack LAC DE 26,Open Player Modal,Very High Risk,4,0.3/yr,93%,14%,5.0,76,3.0
CIN,Jonathan Allen CIN DT 7,Open Player Modal,High Risk,7,0.8/yr,60%,5%,4.2,75,2.7
KC,Chris Jones KC DT 8,Open Player Modal,Very Low Risk,0,0.0/yr,10%,1%,5.0,75,1.3
NYJ,Will McDonald NYJ DE 27,Open Player Modal,Very Low Risk,0,0.0/yr,15%,1%,5.0,74,0.4
UNS,Antonio Gibson UNS RB 55,Open Player Modal,Very Low Risk,9,1.5/yr,22%,1%,5.0,74,0.4
UNS,Kareem Hunt UNS RB 56,Open Player Modal,Medium Risk,7,0.8/yr,42%,3%,5.0,74,1.2
WAS,Daron Payne WAS DT 9,Open Player Modal,Low Risk,4,0.5/yr,25%,2%,5.0,73,2.0
PHI,Marquise Brown PHI WR 87,Open Player Modal,Very High Risk,14,2.0/yr,94%,15%,2.7,73,3.2
NE,Kyle Williams NE WR 88,Open Player Modal,Very Low Risk,0,0.0/yr,5%,0%,5.0,73,0.1
ARI,Trey Benson ARI RB 57,Open Player Modal,Medium Risk,7,3.5/yr,45%,3%,1.9,72,0.5
KC,Brashard Smith KC RB 58,Open Player Modal,Very Low Risk,0,0.0/yr,23%,2%,5.0,72,0.2
DAL,Malik Hooker DAL S 12,Open Player Modal,Very Low Risk,7,0.8/yr,8%,0%,5.0,72,0.1
CIN,Dexter Lawrence CIN DE 28,Open Player Modal,Very Low Risk,2,0.3/yr,19%,1%,5.0,71,0.4
UNS,Sterling Shepard UNS WR 89,Open Player Modal,Very High Risk,16,1.6/yr,82%,10%,2.3,71,3.1
CHI,Kalif Raymond CHI WR 90,Open Player Modal,Very Low Risk,0,0.0/yr,6%,0%,5.0,71,0.2
JAC,LeQuint Allen JAC RB 59,Open Player Modal,Very Low Risk,0,0.0/yr,17%,1%,5.0,70,2.1
TB,Sean Tucker TB RB 60,Open Player Modal,Very Low Risk,0,0.0/yr,18%,1%,5.0,70,1.8
CHI,Cole Kmet CHI TE 34,Open Player Modal,Low Risk,6,1.0/yr,35%,3%,5.0,70,0.4
TB,Calijah Kancey TB DT 10,Open Player Modal,Very Low Risk,4,1.3/yr,22%,1%,5.0,69,0.6
SEA,Uchenna Nwosu SEA DE 29,Open Player Modal,Very Low Risk,3,0.4/yr,11%,1%,5.0,69,0.3
MIA,Tutu Atwell MIA WR 91,Open Player Modal,Very Low Risk,2,0.4/yr,15%,1%,4.7,69,0.4
NYG,Kayvon Thibodeaux NYG DE 30,Open Player Modal,Very Low Risk,3,0.6/yr,18%,1%,5.0,69,0.5
UNS,Austin Ekeler UNS RB 61,Open Player Modal,Very High Risk,14,1.6/yr,84%,10%,5.0,69,2.3
WAS,Dyami Brown WAS WR 92,Open Player Modal,High Risk,7,1.4/yr,59%,5%,5.0,69,1.1
BUF,Dawson Knox BUF TE 35,Open Player Modal,Low Risk,6,0.9/yr,25%,2%,5.0,68,0.5
NYJ,Braelon Allen NYJ RB 62,Open Player Modal,Medium Risk,5,2.5/yr,53%,4%,4.0,68,3.4
SEA,Zach Charbonnet SEA RB 63,Open Player Modal,High Risk,6,2.0/yr,62%,6%,5.0,68,1.8
DAL,Jaydon Blue DAL RB 64,Open Player Modal,Low Risk,2,2.0/yr,29%,2%,5.0,68,1.9
UNS,Tyler Lockett UNS WR 93,Open Player Modal,Low Risk,8,0.7/yr,37%,3%,5.0,68,2.7
NYJ,Mason Taylor NYJ TE 36,Open Player Modal,High Risk,2,2.0/yr,72%,7%,0.0,67,2.3
CAR,Ja'Tavion Sanders CAR TE 37,Open Player Modal,High Risk,4,2.0/yr,76%,8%,5.0,67,1.7
CLE,Mason Graham CLE DT 11,Open Player Modal,Very Low Risk,1,1.0/yr,18%,1%,0.0,67,0.5
NE,Demario Douglas NE WR 94,Open Player Modal,Low Risk,2,0.7/yr,30%,2%,5.0,66,1.2
GB,Javon Hargrave GB DT 12,Open Player Modal,Very Low Risk,4,0.4/yr,15%,1%,5.0,66,0.2
GB,MarShawn Lloyd GB RB 65,Open Player Modal,Very High Risk,7,3.5/yr,88%,12%,0.1,65,4.1
CAR,Xavier Legette CAR WR 95,Open Player Modal,Very High Risk,6,3.0/yr,82%,10%,2.6,65,2.9
WAS,Luke McCaffrey WAS WR 96,Open Player Modal,Very Low Risk,1,0.5/yr,8%,0%,5.0,63,0.4
WAS,Treylon Burks WAS WR 97,Open Player Modal,Low Risk,10,2.0/yr,29%,2%,2.6,61,1.9
LAR,Tyler Higbee LAR TE 38,Open Player Modal,Very High Risk,13,1.3/yr,78%,9%,5.0,60,1.8
NO,Noah Fant NO TE 39,Open Player Modal,High Risk,9,1.3/yr,59%,5%,5.0,59,2.0
NYG,Theo Johnson NYG TE 40,Open Player Modal,Medium Risk,0,0.0/yr,42%,3%,5.0,58,1.0
ATL,Austin Hooper ATL TE 41,Open Player Modal,Very Low Risk,4,0.4/yr,14%,1%,5.0,58,0.1
CHI,Grady Jarrett CHI DT 13,Open Player Modal,Very Low Risk,1,0.1/yr,17%,1%,5.0,57,0.4
UNS,Hunter Renfrow UNS WR 98,Open Player Modal,Very High Risk,5,0.7/yr,82%,10%,4.7,56,2.4
KC,Jalen Royals KC WR 99,Open Player Modal,Low Risk,2,2.0/yr,34%,2%,0.0,56,1.3
NYG,Calvin Austin III NYG WR 100,Open Player Modal,High Risk,5,1.0/yr,76%,8%,2.6,56,1.8
TEN,Elic Ayomanor TEN WR 101,Open Player Modal,Medium Risk,1,1.0/yr,56%,5%,5.0,54,1.0
LAC,Charlie Kolar LAC TE 42,Open Player Modal,Very Low Risk,3,0.6/yr,8%,0%,1.6,54,0.2
MIA,Jaylen Wright MIA RB 66,Open Player Modal,Very Low Risk,2,1.0/yr,7%,0%,5.0,53,0.4
LVR,Kirk Cousins LVR QB 34,Open Player Modal,Very Low Risk,3,0.2/yr,9%,1%,5.0,53,0.9
DAL,Kenny Clark DAL DT 14,Open Player Modal,Very Low Risk,3,0.3/yr,8%,0%,5.0,53,0.3
CLE,Isaiah Bond CLE WR 102,Open Player Modal,Low Risk,1,1.0/yr,34%,2%,0.0,53,1.2
UNS,Taysom Hill UNS TE 43,Open Player Modal,Low Risk,18,1.8/yr,30%,2%,2.2,52,1.6
SF,Mykel Williams SF DE 31,Open Player Modal,Very Low Risk,2,2.0/yr,17%,1%,0.0,52,0.2
UNS,Alexander Mattison UNS RB 67,Open Player Modal,Very Low Risk,7,1.0/yr,8%,0%,5.0,52,0.2
UNS,Miles Sanders UNS RB 68,Open Player Modal,High Risk,14,2.0/yr,66%,6%,4.3,51,3.4
PHI,Tank Bigsby PHI RB 69,Open Player Modal,Very Low Risk,2,0.7/yr,17%,1%,5.0,50,0.3
CLE,Cedric Tillman CLE WR 103,Open Player Modal,Very High Risk,6,2.0/yr,79%,9%,3.2,50,3.4
NO,Kendre Miller NO RB 70,Open Player Modal,Medium Risk,8,2.7/yr,43%,3%,1.7,49,2.3
NYG,Devin Singletary NYG RB 71,Open Player Modal,Low Risk,2,0.3/yr,34%,2%,5.0,49,1.8
JAC,Arik Armstead JAC DE 32,Open Player Modal,Very Low Risk,7,0.6/yr,21%,1%,4.4,49,0.4
WAS,Van Jefferson WAS WR 104,Open Player Modal,Very Low Risk,7,1.2/yr,22%,1%,5.0,48,0.4
DET,Greg Dortch DET WR 105,Open Player Modal,Very Low Risk,2,0.3/yr,14%,1%,5.0,48,0.4
HOU,Cade Stover HOU TE 44,Open Player Modal,High Risk,6,3.0/yr,76%,8%,4.3,47,2.4
WAS,Jerome Ford WAS RB 72,Open Player Modal,Medium Risk,8,1.6/yr,46%,4%,5.0,46,1.6
UNS,Will Dissly UNS TE 45,Open Player Modal,Very Low Risk,4,0.5/yr,6%,0%,3.2,45,0.1
ARI,Baron Browning ARI DE 33,Open Player Modal,Very Low Risk,2,0.4/yr,19%,1%,5.0,45,0.5
TEN,Daniel Bellinger TEN TE 46,Open Player Modal,Low Risk,5,1.0/yr,30%,2%,5.0,45,0.6
BUF,Ray Davis BUF RB 73,Open Player Modal,Very Low Risk,1,0.5/yr,15%,1%,5.0,44,0.5
LAC,Donte Jackson LAC CB 13,Open Player Modal,Low Risk,3,0.4/yr,25%,2%,5.0,43,0.8
CAR,John Metchie CAR WR 106,Open Player Modal,Very Low Risk,5,1.0/yr,8%,0%,5.0,43,0.3
DAL,Jonathan Mingo DAL WR 107,Open Player Modal,Very Low Risk,5,1.7/yr,8%,0%,5.0,43,0.7
IND,DJ Giddens IND RB 74,Open Player Modal,Very Low Risk,0,0.0/yr,13%,1%,5.0,43,0.2
PIT,Roman Wilson PIT WR 108,Open Player Modal,Very Low Risk,2,1.0/yr,9%,1%,0.3,43,0.6
MIA,David Ojabo MIA DE 34,Open Player Modal,Very Low Risk,2,0.4/yr,9%,1%,1.2,41,0.2
GB,Luke Musgrave GB TE 47,Open Player Modal,Very Low Risk,5,1.7/yr,12%,1%,1.4,40,0.3
CAR,Trevor Etienne CAR RB 75,Open Player Modal,Very Low Risk,0,0.0/yr,13%,1%,5.0,40,0.3
DEN,Adam Trautman DEN TE 48,Open Player Modal,Very Low Risk,3,0.5/yr,13%,1%,5.0,39,0.1
NO,Ty Chandler NO RB 76,Open Player Modal,Very Low Risk,2,0.4/yr,8%,0%,5.0,38,0.3
KC,Emari Demercado KC RB 77,Open Player Modal,Very Low Risk,5,1.7/yr,17%,1%,5.0,38,0.4
SF,Isaac Guerendo SF RB 78,Open Player Modal,Medium Risk,6,3.0/yr,50%,4%,5.0,37,2.6
PIT,Kaleb Johnson PIT RB 79,Open Player Modal,Very Low Risk,1,1.0/yr,9%,1%,0.0,37,0.4
DAL,Luke Schoonmaker DAL TE 49,Open Player Modal,Very Low Risk,3,1.0/yr,10%,1%,5.0,37,0.3
WAS,Ben Sinnott WAS TE 50,Open Player Modal,Very Low Risk,1,0.5/yr,11%,1%,5.0,36,0.5
TEN,K.J. Osborn TEN WR 109,Open Player Modal,Very Low Risk,2,0.3/yr,13%,1%,5.0,35,0.4
DET,Tyler Conklin DET TE 51,Open Player Modal,Very Low Risk,3,0.4/yr,8%,0%,5.0,34,0.2
MIN,Josh Oliver MIN TE 52,Open Player Modal,Very Low Risk,3,0.4/yr,6%,0%,2.4,34,0.2
PHI,Will Shipley PHI RB 80,Open Player Modal,Very Low Risk,4,2.0/yr,8%,0%,2.3,33,0.2
TEN,Michael Carter TEN RB 81,Open Player Modal,Medium Risk,4,0.8/yr,46%,4%,5.0,33,0.5
MIN,J.J. McCarthy MIN QB 35,Open Player Modal,Medium Risk,7,3.5/yr,41%,3%,0.0,33,2.3
BAL,Devontez Walker BAL WR 110,Open Player Modal,Very Low Risk,1,0.5/yr,6%,0%,0.5,31,0.2
NO,Ja'Lynn Polk NO WR 111,Open Player Modal,Low Risk,4,2.0/yr,36%,3%,1.4,31,0.3
NO,Audric Estime NO RB 82,Open Player Modal,Low Risk,2,1.0/yr,25%,2%,5.0,30,1.1
CIN,Drew Sample CIN TE 53,Open Player Modal,Very Low Risk,3,0.4/yr,11%,1%,3.6,29,0.2
NYJ,Tim Patrick NYJ WR 112,Open Player Modal,Very Low Risk,2,0.3/yr,6%,0%,2.1,28,0.2
NYJ,Arian Smith NYJ WR 113,Open Player Modal,Very Low Risk,0,0.0/yr,9%,1%,5.0,28,0.4
NYG,Jalin Hyatt NYG WR 114,Open Player Modal,Low Risk,3,1.0/yr,27%,2%,5.0,23,0.8
IND,Mo Alie-Cox IND TE 54,Open Player Modal,Very Low Risk,3,0.4/yr,10%,1%,5.0,23,0.2
CLE,Malachi Corley CLE WR 115,Open Player Modal,Very Low Risk,1,0.5/yr,6%,0%,5.0,20,0.3
CHI,Roschon Johnson CHI RB 83,Open Player Modal,Very Low Risk,2,0.5/yr,6%,0%,5.0,20,0.4
JAC,Hunter Long JAC TE 55,Open Player Modal,Very Low Risk,1,0.2/yr,22%,1%,5.0,20,0.9
PHI,Johnny Wilson PHI WR 116,Open Player Modal,,3,1.5/yr,5%,0%,2.3,19,0.2
BUF,Mecole Hardman BUF WR 117,Open Player Modal,Very Low Risk,3,0.4/yr,7%,0%,5.0,18,0.4
DEN,Jaleel McLaughlin DEN RB 84,Open Player Modal,Very Low Risk,1,0.3/yr,17%,1%,5.0,17,0.9
PHI,Quez Watkins PHI WR 118,Open Player Modal,Very Low Risk,0,0.0/yr,6%,0%,5.0,17,0.9
BAL,Durham Smythe BAL TE 56,Open Player Modal,Very Low Risk,2,0.3/yr,8%,0%,5.0,12,0.5
LAC,Jaret Patterson LAC RB 85,Open Player Modal,Low Risk,1,0.3/yr,35%,3%,5.0,9,1.1
UNS,Russell Wilson UNS QB 36,Open Player Modal,Low Risk,7,0.5/yr,36%,3%,5.0,-7,1.5